{"活动物TCI": 0.028089887640449424, "活动物RCA": 0.2650393882118008, "肉及肉制品TCI": 0.8612750675579577, "肉及肉制品RCA": 0.40434230364164014, "乳品及蛋品TCI": 0.9200065804355426, "乳品及蛋品RCA": 0.22488241140817503, "鱼、甲壳及软体类动物及其制品TCI": -0.18208415638626962, "鱼、甲壳及软体类动物及其制品RCA": 0.2449192466797292, "谷物及其制品TCI": 0.6787162277264831, "谷物及其制品RCA": 0.44376998569971027}